name;class
0.jpg;3
1.jpg;1
2.jpg;1
3.jpg;2
4.jpg;1
5.jpg;1
6.jpg;1
7.jpg;3
8.jpg;3
9.jpg;1
10.jpg;1
11.jpg;1
12.jpg;1
13.jpg;3
14.jpg;1
15.jpg;2
16.jpg;1
17.jpg;2
18.jpg;2
19.jpg;1
20.jpg;1
21.jpg;1
22.jpg;1
23.jpg;2
24.jpg;2
25.jpg;1
26.jpg;2
27.jpg;3
28.jpg;2
29.jpg;2
30.jpg;3
31.jpg;1
32.jpg;2
33.jpg;2
34.jpg;3
35.jpg;1
36.jpg;1
37.jpg;3
38.jpg;1
39.jpg;3
40.jpg;2
41.jpg;1
42.jpg;2
43.jpg;3
44.jpg;3
45.jpg;2
46.jpg;2
47.jpg;3
48.jpg;1
49.jpg;3
50.jpg;1
51.jpg;3
52.jpg;3
53.jpg;1
54.jpg;2
55.jpg;2
56.jpg;1
57.jpg;1
58.jpg;3
59.jpg;3
60.jpg;2
61.jpg;1
62.jpg;1
63.jpg;3
64.jpg;2
65.jpg;1
66.jpg;2
67.jpg;2
68.jpg;2
69.jpg;1
70.jpg;3
71.jpg;3
72.jpg;3
73.jpg;1
74.jpg;1
75.jpg;1
76.jpg;2
77.jpg;1
78.jpg;2
79.jpg;3
80.jpg;3
81.jpg;1
82.jpg;3
83.jpg;1
84.jpg;2
85.jpg;2
86.jpg;3
87.jpg;1
88.jpg;1
89.jpg;2
90.jpg;1
91.jpg;3
92.jpg;1
93.jpg;2
94.jpg;3
95.jpg;1
96.jpg;2
97.jpg;1
98.jpg;1
99.jpg;1
100.jpg;2
101.jpg;3
102.jpg;2
103.jpg;2
104.jpg;1
105.jpg;1
106.jpg;1
107.jpg;1
108.jpg;1
109.jpg;2
110.jpg;2
111.jpg;1
112.jpg;3
113.jpg;2
114.jpg;2
115.jpg;1
116.jpg;3
117.jpg;2
118.jpg;3
119.jpg;2
120.jpg;1
121.jpg;1
122.jpg;3
123.jpg;3
124.jpg;2
125.jpg;1
126.jpg;3
127.jpg;1
128.jpg;3
129.jpg;1
130.jpg;3
131.jpg;3
132.jpg;1
133.jpg;1
134.jpg;3
135.jpg;1
136.jpg;1
137.jpg;3
138.jpg;2
139.jpg;3
140.jpg;1
141.jpg;1
142.jpg;3
143.jpg;2
144.jpg;2
145.jpg;3
146.jpg;3
147.jpg;1
148.jpg;3
149.jpg;2
150.jpg;2
151.jpg;2
152.jpg;3
153.jpg;2
154.jpg;3
155.jpg;3
156.jpg;1
157.jpg;3
158.jpg;2
159.jpg;2
160.jpg;1
161.jpg;2
162.jpg;1
163.jpg;2
164.jpg;3
165.jpg;1
166.jpg;1
167.jpg;1
168.jpg;2
169.jpg;1
170.jpg;3
171.jpg;3
172.jpg;3
173.jpg;3
174.jpg;1
175.jpg;1
176.jpg;2
177.jpg;3
178.jpg;2
179.jpg;1
180.jpg;1
181.jpg;1
182.jpg;1
183.jpg;3
184.jpg;2
185.jpg;1
186.jpg;3
187.jpg;1
188.jpg;3
189.jpg;2
190.jpg;1
191.jpg;2
192.jpg;1
193.jpg;3
194.jpg;2
195.jpg;1
196.jpg;3
197.jpg;3
198.jpg;1
199.jpg;1
200.jpg;1
201.jpg;2
202.jpg;2
203.jpg;2
204.jpg;2
205.jpg;3
206.jpg;1
207.jpg;1
208.jpg;1
209.jpg;3
210.jpg;2
211.jpg;1
212.jpg;2
213.jpg;1
214.jpg;2
215.jpg;1
216.jpg;1
217.jpg;1
218.jpg;1
219.jpg;3
220.jpg;1
221.jpg;2
222.jpg;3
223.jpg;1
224.jpg;3
225.jpg;3
226.jpg;2
227.jpg;1
228.jpg;1
229.jpg;2
230.jpg;1
231.jpg;3
232.jpg;3
233.jpg;2
234.jpg;2
235.jpg;1
236.jpg;3
237.jpg;1
238.jpg;3
239.jpg;3
240.jpg;1
241.jpg;1
242.jpg;1
243.jpg;1
244.jpg;3
245.jpg;1
246.jpg;1
247.jpg;1
248.jpg;1
249.jpg;1
250.jpg;3
251.jpg;2
252.jpg;3
253.jpg;1
254.jpg;1
255.jpg;2
256.jpg;2
257.jpg;3
258.jpg;3
259.jpg;3
260.jpg;3
261.jpg;2
262.jpg;3
263.jpg;2
264.jpg;3
265.jpg;3
266.jpg;1
267.jpg;2
268.jpg;3
269.jpg;3
270.jpg;2
271.jpg;3
272.jpg;1
273.jpg;3
274.jpg;3
275.jpg;1
276.jpg;1
277.jpg;1
278.jpg;1
279.jpg;1
280.jpg;3
281.jpg;1
282.jpg;2
283.jpg;1
284.jpg;3
285.jpg;3
286.jpg;2
287.jpg;2
288.jpg;1
289.jpg;1
290.jpg;2
291.jpg;3
292.jpg;2
293.jpg;3
294.jpg;1
295.jpg;3
296.jpg;3
297.jpg;2
298.jpg;1
299.jpg;1
300.jpg;2
301.jpg;2
302.jpg;1
303.jpg;1
304.jpg;1
305.jpg;1
306.jpg;3
307.jpg;2
308.jpg;2
309.jpg;3
310.jpg;2
311.jpg;1
312.jpg;3
313.jpg;3
314.jpg;2
315.jpg;1
316.jpg;3
317.jpg;2
318.jpg;3
319.jpg;2
320.jpg;1
321.jpg;3
322.jpg;3
323.jpg;2
324.jpg;1
325.jpg;3
326.jpg;3
327.jpg;3
328.jpg;2
329.jpg;2
330.jpg;1
331.jpg;2
332.jpg;3
333.jpg;2
334.jpg;1
335.jpg;1
336.jpg;3
337.jpg;2
338.jpg;2
339.jpg;3
340.jpg;2
341.jpg;2
342.jpg;3
343.jpg;3
344.jpg;2
345.jpg;2
346.jpg;3
347.jpg;1
348.jpg;2
349.jpg;1
350.jpg;2
351.jpg;2
352.jpg;3
353.jpg;2
354.jpg;2
355.jpg;2
356.jpg;1
357.jpg;1
358.jpg;1
359.jpg;3
360.jpg;3
361.jpg;2
362.jpg;2
363.jpg;2
364.jpg;1
365.jpg;3
366.jpg;3
367.jpg;1
368.jpg;2
369.jpg;1
370.jpg;2
371.jpg;1
372.jpg;1
373.jpg;3
374.jpg;3
375.jpg;2
376.jpg;3
377.jpg;1
378.jpg;3
379.jpg;1
380.jpg;3
381.jpg;3
382.jpg;3
383.jpg;1
384.jpg;3
385.jpg;3
386.jpg;3
387.jpg;1
388.jpg;1
389.jpg;1
390.jpg;3
391.jpg;1
392.jpg;3
393.jpg;3
394.jpg;2
395.jpg;1
396.jpg;2
397.jpg;3
398.jpg;2
399.jpg;1
400.jpg;3
401.jpg;1
402.jpg;2
403.jpg;2
404.jpg;3
405.jpg;3
406.jpg;2
407.jpg;3
408.jpg;1
409.jpg;2
410.jpg;2
411.jpg;1
412.jpg;3
413.jpg;1
414.jpg;1
415.jpg;3
416.jpg;1
417.jpg;1
418.jpg;3
419.jpg;1
420.jpg;3
421.jpg;3
422.jpg;2
423.jpg;1
424.jpg;3
425.jpg;3
426.jpg;1
427.jpg;1
428.jpg;3
429.jpg;1
430.jpg;1
431.jpg;2
432.jpg;1
433.jpg;1
434.jpg;2
435.jpg;1
436.jpg;1
437.jpg;2
438.jpg;1
439.jpg;1
440.jpg;1
441.jpg;1
442.jpg;3
443.jpg;3
444.jpg;1
445.jpg;2
446.jpg;1
447.jpg;3
448.jpg;3
449.jpg;1
450.jpg;1
451.jpg;1
452.jpg;2
453.jpg;2
454.jpg;2
455.jpg;2
456.jpg;1
457.jpg;1
458.jpg;1
459.jpg;2
460.jpg;3
461.jpg;2
462.jpg;1
463.jpg;2
464.jpg;1
465.jpg;1
466.jpg;3
467.jpg;1
468.jpg;3
469.jpg;2
470.jpg;1
471.jpg;1
472.jpg;1
473.jpg;3
474.jpg;1
475.jpg;3
476.jpg;1
477.jpg;1
478.jpg;3
479.jpg;1
480.jpg;3
481.jpg;1
482.jpg;1
483.jpg;2
484.jpg;3
485.jpg;2
486.jpg;1
487.jpg;1
488.jpg;2
489.jpg;3
490.jpg;3
491.jpg;1
492.jpg;2
493.jpg;1
494.jpg;1
495.jpg;1
496.jpg;1
497.jpg;1
498.jpg;1
499.jpg;2
500.jpg;3
501.jpg;3
502.jpg;3
503.jpg;1
504.jpg;1
505.jpg;2
506.jpg;1
507.jpg;2
508.jpg;2
509.jpg;3
510.jpg;1
511.jpg;2
512.jpg;3
513.jpg;2
514.jpg;1
515.jpg;3
516.jpg;1
517.jpg;1
518.jpg;1
519.jpg;1
520.jpg;1
521.jpg;1
522.jpg;2
523.jpg;2
524.jpg;1
525.jpg;3
526.jpg;1
527.jpg;1
528.jpg;2
529.jpg;2
530.jpg;3
531.jpg;2
532.jpg;2
533.jpg;2
534.jpg;3
535.jpg;3
536.jpg;3
537.jpg;3
538.jpg;3
539.jpg;3
540.jpg;2
541.jpg;3
542.jpg;3
543.jpg;3
544.jpg;3
545.jpg;2
546.jpg;3
547.jpg;1
548.jpg;3
549.jpg;2
550.jpg;1
551.jpg;3
552.jpg;1
553.jpg;1
554.jpg;2
555.jpg;1
556.jpg;1
557.jpg;1
558.jpg;2
559.jpg;3
560.jpg;2
561.jpg;3
562.jpg;2
563.jpg;1
564.jpg;1
565.jpg;3
566.jpg;2
567.jpg;2
568.jpg;1
569.jpg;1
570.jpg;2
571.jpg;1
572.jpg;2
573.jpg;1
574.jpg;3
575.jpg;1
576.jpg;2
577.jpg;1
578.jpg;1
579.jpg;3
580.jpg;1
581.jpg;2
582.jpg;3
583.jpg;3
584.jpg;1
585.jpg;1
586.jpg;3
587.jpg;1
588.jpg;2
589.jpg;1
590.jpg;2
591.jpg;1
592.jpg;3
593.jpg;2
594.jpg;1
